group,seed,strategies,trust_budget_init,enable_r1,payoff_avg,eta_global,eta_final,total_heat,heat_efficiency,nash_lock_rate,up_attempt_rate,up_success_rate,r1_pct,eta_first_half,eta_second_half,exploitation_rate,unilateral_invite_count,joint_enter_count,heat_wasted_unilateral
G1_R0_only,0,nash_breaker-nash_breaker,0,False,2.85,0.6950000000000001,0.15,176,253.23741007194243,0.05,0.0,0.0,0,0.8,0.5900000000000001,0.1,0,0,0
G1_R0_only,1,nash_breaker-nash_breaker,0,False,1.4,0.4,0.3,148,370.0,0.8,0.0,0.0,0,0.5,0.3,0.0,0,0,0
G1_R0_only,2,nash_breaker-nash_breaker,0,False,1.1,0.325,0.3,142,436.9230769230769,0.95,0.0,0.0,0,0.35,0.3,0.0,0,0,0
G1_R0_only,3,nash_breaker-nash_breaker,0,False,1.35,0.32,0.3,146,456.25,0.8,0.0,0.0,0,0.34,0.3,0.1,0,0,0
G1_R0_only,4,nash_breaker-nash_breaker,0,False,1.35,0.32,0.3,146,456.25,0.8,0.0,0.0,0,0.34,0.3,0.1,0,0,0
G2_R1_tb0,0,nash_breaker-nash_breaker,0,True,2.85,0.6950000000000001,0.15,176,253.23741007194243,0.05,0.0,0.0,0,0.8,0.5900000000000001,0.1,0,0,0
G2_R1_tb0,1,nash_breaker-nash_breaker,0,True,1.4,0.4,0.3,148,370.0,0.8,0.0,0.0,0,0.5,0.3,0.0,0,0,0
G2_R1_tb0,2,nash_breaker-nash_breaker,0,True,1.1,0.325,0.3,142,436.9230769230769,0.95,0.0,0.0,0,0.35,0.3,0.0,0,0,0
G2_R1_tb0,3,nash_breaker-nash_breaker,0,True,1.35,0.32,0.3,146,456.25,0.8,0.0,0.0,0,0.34,0.3,0.1,0,0,0
G2_R1_tb0,4,nash_breaker-nash_breaker,0,True,1.35,0.32,0.3,146,456.25,0.8,0.0,0.0,0,0.34,0.3,0.1,0,0,0
G3_R1_tb2,0,nash_breaker-nash_breaker,2,True,2.85,0.6950000000000001,0.15,182,261.87050359712225,0.05,0.05,0.0,0,0.8,0.5900000000000001,0.1,1,0,3
G3_R1_tb2,1,nash_breaker-nash_breaker,2,True,1.55,0.37,0.3,162,437.83783783783787,0.7,0.1,0.0,0,0.44,0.3,0.1,2,0,6
G3_R1_tb2,2,nash_breaker-nash_breaker,2,True,1.75,0.49,0.3,180,367.34693877551024,0.7,0.1,1.0,0.2,0.68,0.3,0.0,0,2,0
G3_R1_tb2,3,nash_breaker-nash_breaker,2,True,1.9,0.45,0.3,177,393.3333333333333,0.6,0.1,0.5,0.15,0.6,0.3,0.1,1,1,3
G3_R1_tb2,4,nash_breaker-nash_breaker,2,True,1.9,0.45,0.3,177,393.3333333333333,0.6,0.1,0.5,0.15,0.6,0.3,0.1,1,1,3
G4_R1_tb4,0,nash_breaker-nash_breaker,4,True,2.85,0.6950000000000001,0.15,182,261.87050359712225,0.05,0.05,0.0,0,0.8,0.5900000000000001,0.1,1,0,3
G4_R1_tb4,1,nash_breaker-nash_breaker,4,True,1.775,0.39,0.3,176,451.28205128205127,0.6,0.15,0.3333333333333333,0.05,0.44,0.33999999999999997,0.15,2,1,6
G4_R1_tb4,2,nash_breaker-nash_breaker,4,True,1.75,0.49,0.3,180,367.34693877551024,0.7,0.1,1.0,0.2,0.68,0.3,0.0,0,2,0
G4_R1_tb4,3,nash_breaker-nash_breaker,4,True,2.575,0.51,0.2,215,421.5686274509804,0.3,0.25,0.4,0.3,0.6,0.42,0.25,3,2,9
G4_R1_tb4,4,nash_breaker-nash_breaker,4,True,2.05,0.42,0.3,191,454.76190476190476,0.5,0.2,0.25,0.15,0.6,0.24,0.2,3,1,9
G5_R1_tb6,0,nash_breaker-nash_breaker,6,True,2.85,0.6950000000000001,0.15,182,261.87050359712225,0.05,0.05,0.0,0,0.8,0.5900000000000001,0.1,1,0,3
G5_R1_tb6,1,nash_breaker-nash_breaker,6,True,1.85,0.375,0.3,183,488.0,0.55,0.2,0.25,0.05,0.44,0.31,0.2,3,1,9
G5_R1_tb6,2,nash_breaker-nash_breaker,6,True,2.125,0.545,0.3,199,365.13761467889907,0.55,0.15,1.0,0.3,0.68,0.41,0.05,0,3,0
G5_R1_tb6,3,nash_breaker-nash_breaker,6,True,2.575,0.51,0.2,215,421.5686274509804,0.3,0.25,0.4,0.3,0.6,0.42,0.25,3,2,9
G5_R1_tb6,4,nash_breaker-nash_breaker,6,True,2.35,0.49,0.86,209,426.53061224489795,0.4,0.25,0.4,0.25,0.6,0.38,0.2,3,2,9
G1_R0_only,0,nash_breaker-cautious,0,False,2.85,0.6950000000000001,0.15,176,253.23741007194243,0.05,0.0,0.0,0,0.8,0.5900000000000001,0.1,0,0,0
G1_R0_only,1,nash_breaker-cautious,0,False,1.4,0.4,0.3,148,370.0,0.8,0.0,0.0,0,0.5,0.3,0.0,0,0,0
G1_R0_only,2,nash_breaker-cautious,0,False,1.1,0.325,0.3,142,436.9230769230769,0.95,0.0,0.0,0,0.35,0.3,0.0,0,0,0
G1_R0_only,3,nash_breaker-cautious,0,False,1.35,0.32,0.3,146,456.25,0.8,0.0,0.0,0,0.34,0.3,0.1,0,0,0
G1_R0_only,4,nash_breaker-cautious,0,False,1.425,0.305,0.3,147,481.9672131147541,0.75,0.0,0.0,0,0.31,0.3,0.15,0,0,0
G2_R1_tb0,0,nash_breaker-cautious,0,True,2.85,0.6950000000000001,0.15,176,253.23741007194243,0.05,0.0,0.0,0,0.8,0.5900000000000001,0.1,0,0,0
G2_R1_tb0,1,nash_breaker-cautious,0,True,1.4,0.4,0.3,148,370.0,0.8,0.0,0.0,0,0.5,0.3,0.0,0,0,0
G2_R1_tb0,2,nash_breaker-cautious,0,True,1.1,0.325,0.3,142,436.9230769230769,0.95,0.0,0.0,0,0.35,0.3,0.0,0,0,0
G2_R1_tb0,3,nash_breaker-cautious,0,True,1.35,0.32,0.3,146,456.25,0.8,0.0,0.0,0,0.34,0.3,0.1,0,0,0
G2_R1_tb0,4,nash_breaker-cautious,0,True,1.425,0.305,0.3,147,481.9672131147541,0.75,0.0,0.0,0,0.31,0.3,0.15,0,0,0
G3_R1_tb2,0,nash_breaker-cautious,2,True,2.85,0.6950000000000001,0.15,188,270.50359712230215,0.05,0.1,0.0,0,0.8,0.5900000000000001,0.1,2,0,6
G3_R1_tb2,1,nash_breaker-cautious,2,True,1.625,0.355,0.3,169,476.056338028169,0.65,0.15,0.0,0,0.41000000000000003,0.3,0.15,3,0,9
G3_R1_tb2,2,nash_breaker-cautious,2,True,1.4,0.265,0.3,158,596.2264150943396,0.75,0.1,0.0,0,0.23,0.3,0.2,2,0,6
G3_R1_tb2,3,nash_breaker-cautious,2,True,1.65,0.26,0.3,168,646.1538461538461,0.6,0.15,0.0,0,0.22,0.3,0.3,3,0,9
G3_R1_tb2,4,nash_breaker-cautious,2,True,1.5,0.29,0.3,160,551.7241379310345,0.7,0.1,0.0,0,0.28,0.3,0.2,2,0,6
G4_R1_tb4,0,nash_breaker-cautious,4,True,2.925,0.68,0.0,195,286.7647058823529,0.0,0.15,0.0,0,0.8,0.56,0.15,3,0,9
G4_R1_tb4,1,nash_breaker-cautious,4,True,1.925,0.295,0.3,185,627.1186440677966,0.45,0.25,0.0,0,0.41000000000000003,0.18,0.35,5,0,15
G4_R1_tb4,2,nash_breaker-cautious,4,True,1.475,0.25,0.3,165,660.0,0.7,0.15,0.0,0,0.2,0.3,0.25,3,0,9
G4_R1_tb4,3,nash_breaker-cautious,4,True,1.725,0.245,0.3,175,714.2857142857143,0.55,0.2,0.0,0,0.22,0.27,0.35,4,0,12
G4_R1_tb4,4,nash_breaker-cautious,4,True,1.5,0.29,0.3,160,551.7241379310345,0.7,0.1,0.0,0,0.28,0.3,0.2,2,0,6
G5_R1_tb6,0,nash_breaker-cautious,6,True,2.925,0.68,0.0,195,286.7647058823529,0.0,0.15,0.0,0,0.8,0.56,0.15,3,0,9
G5_R1_tb6,1,nash_breaker-cautious,6,True,2.0,0.28,0.24,192,685.7142857142857,0.4,0.3,0.0,0,0.41000000000000003,0.15,0.4,6,0,18
G5_R1_tb6,2,nash_breaker-cautious,6,True,1.475,0.25,0.3,165,660.0,0.7,0.15,0.0,0,0.2,0.3,0.25,3,0,9
G5_R1_tb6,3,nash_breaker-cautious,6,True,1.725,0.245,0.3,175,714.2857142857143,0.55,0.2,0.0,0,0.22,0.27,0.35,4,0,12
G5_R1_tb6,4,nash_breaker-cautious,6,True,1.5,0.29,0.3,160,551.7241379310345,0.7,0.1,0.0,0,0.28,0.3,0.2,2,0,6
G1_R0_only,0,aggressive-cautious,0,False,2.85,0.56,0.24,174,310.71428571428567,0.0,0.0,0.0,0,0.64,0.48000000000000004,0.3,0,0,0
G1_R0_only,1,aggressive-cautious,0,False,2.7,0.32,0.4,168,525.0,0.0,0.0,0.0,0,0.16,0.48000000000000004,0.6,0,0,0
G1_R0_only,2,aggressive-cautious,0,False,2.65,0.375,0.8,168,448.0,0.05,0.0,0.0,0,0.27,0.48000000000000004,0.5,0,0,0
G1_R0_only,3,aggressive-cautious,0,False,2.775,0.44,0.8,171,388.6363636363636,0.0,0.0,0.0,0,0.32,0.56,0.45,0,0,0
G1_R0_only,4,aggressive-cautious,0,False,2.65,0.51,0.64,170,333.3333333333333,0.1,0.0,0.0,0,0.56,0.46,0.3,0,0,0
G2_R1_tb0,0,aggressive-cautious,0,True,2.85,0.56,0.24,174,310.71428571428567,0.0,0.0,0.0,0,0.64,0.48000000000000004,0.3,0,0,0
G2_R1_tb0,1,aggressive-cautious,0,True,2.7,0.32,0.4,168,525.0,0.0,0.0,0.0,0,0.16,0.48000000000000004,0.6,0,0,0
G2_R1_tb0,2,aggressive-cautious,0,True,2.65,0.375,0.8,168,448.0,0.05,0.0,0.0,0,0.27,0.48000000000000004,0.5,0,0,0
G2_R1_tb0,3,aggressive-cautious,0,True,2.775,0.44,0.8,171,388.6363636363636,0.0,0.0,0.0,0,0.32,0.56,0.45,0,0,0
G2_R1_tb0,4,aggressive-cautious,0,True,2.65,0.51,0.64,170,333.3333333333333,0.1,0.0,0.0,0,0.56,0.46,0.3,0,0,0
G3_R1_tb2,0,aggressive-cautious,2,True,2.975,0.55,0.16000000000000003,202,367.27272727272725,0.0,0.15,0.3333333333333333,0.15,0.7000000000000001,0.4,0.35,2,1,6
G3_R1_tb2,1,aggressive-cautious,2,True,2.7,0.32,0.4,192,600.0,0.0,0.2,0.0,0,0.16,0.48000000000000004,0.6,4,0,12
G3_R1_tb2,2,aggressive-cautious,2,True,2.8,0.405,1.0,191,471.6049382716049,0.05,0.1,0.5,0.15,0.27,0.54,0.5,1,1,3
G3_R1_tb2,3,aggressive-cautious,2,True,2.65,0.24000000000000002,0.0,190,791.6666666666666,0.0,0.2,0.0,0,0.32,0.16,0.7,4,0,12
G3_R1_tb2,4,aggressive-cautious,2,True,2.775,0.5,0.46,198,396.0,0.1,0.15,0.3333333333333333,0.15,0.62,0.38,0.35,2,1,6
G4_R1_tb4,0,aggressive-cautious,4,True,3.125,0.5800000000000001,0.16000000000000003,225,387.93103448275855,0.0,0.25,0.4,0.3,0.72,0.44,0.35,3,2,9
G4_R1_tb4,1,aggressive-cautious,4,True,2.7,0.32,0.4,198,618.75,0.0,0.25,0.0,0,0.16,0.48000000000000004,0.6,5,0,15
G4_R1_tb4,2,aggressive-cautious,4,True,2.8,0.405,1.0,191,471.6049382716049,0.05,0.1,0.5,0.15,0.27,0.54,0.5,1,1,3
G4_R1_tb4,3,aggressive-cautious,4,True,2.65,0.24000000000000002,0.0,190,791.6666666666666,0.0,0.2,0.0,0,0.32,0.16,0.7,4,0,12
G4_R1_tb4,4,aggressive-cautious,4,True,2.775,0.5,0.09,216,432.0,0.1,0.3,0.16666666666666666,0.15,0.62,0.38,0.35,5,1,15
G5_R1_tb6,0,aggressive-cautious,6,True,3.125,0.5800000000000001,0.16000000000000003,225,387.93103448275855,0.0,0.25,0.4,0.3,0.72,0.44,0.35,3,2,9
G5_R1_tb6,1,aggressive-cautious,6,True,2.7,0.32,0.4,198,618.75,0.0,0.25,0.0,0,0.16,0.48000000000000004,0.6,5,0,15
G5_R1_tb6,2,aggressive-cautious,6,True,2.8,0.405,1.0,191,471.6049382716049,0.05,0.1,0.5,0.15,0.27,0.54,0.5,1,1,3
G5_R1_tb6,3,aggressive-cautious,6,True,2.65,0.24000000000000002,0.0,190,791.6666666666666,0.0,0.2,0.0,0,0.32,0.16,0.7,4,0,12
G5_R1_tb6,4,aggressive-cautious,6,True,2.775,0.5,0.09,216,432.0,0.1,0.3,0.16666666666666666,0.15,0.62,0.38,0.35,5,1,15
G1_R0_only,0,adaptive-adaptive,0,False,2.925,0.68,0.0,177,260.2941176470588,0.0,0.0,0.0,0,0.8,0.56,0.15,0,0,0
G1_R0_only,1,adaptive-adaptive,0,False,1.4,0.4,0.3,148,370.0,0.8,0.0,0.0,0,0.5,0.3,0.0,0,0,0
G1_R0_only,2,adaptive-adaptive,0,False,1.1,0.325,0.3,142,436.9230769230769,0.95,0.0,0.0,0,0.35,0.3,0.0,0,0,0
G1_R0_only,3,adaptive-adaptive,0,False,2.55,0.08,0.0,162,2025.0,0.0,0.0,0.0,0,0.16,0.0,0.9,0,0,0
G1_R0_only,4,adaptive-adaptive,0,False,1.95,0.2,0.3,154,770.0,0.4,0.0,0.0,0,0.16,0.24,0.5,0,0,0
G2_R1_tb0,0,adaptive-adaptive,0,True,2.925,0.68,0.0,177,260.2941176470588,0.0,0.0,0.0,0,0.8,0.56,0.15,0,0,0
G2_R1_tb0,1,adaptive-adaptive,0,True,1.4,0.4,0.3,148,370.0,0.8,0.0,0.0,0,0.5,0.3,0.0,0,0,0
G2_R1_tb0,2,adaptive-adaptive,0,True,1.1,0.325,0.3,142,436.9230769230769,0.95,0.0,0.0,0,0.35,0.3,0.0,0,0,0
G2_R1_tb0,3,adaptive-adaptive,0,True,2.55,0.08,0.0,162,2025.0,0.0,0.0,0.0,0,0.16,0.0,0.9,0,0,0
G2_R1_tb0,4,adaptive-adaptive,0,True,1.95,0.2,0.3,154,770.0,0.4,0.0,0.0,0,0.16,0.24,0.5,0,0,0
G3_R1_tb2,0,adaptive-adaptive,2,True,3.225,0.74,0.0,211,285.13513513513516,0.0,0.1,1.0,0.3,0.92,0.56,0.15,0,2,0
G3_R1_tb2,1,adaptive-adaptive,2,True,1.45,0.42,0.3,162,385.7142857142857,0.8,0.05,1.0,0.1,0.54,0.3,0.0,0,1,0
G3_R1_tb2,2,adaptive-adaptive,2,True,1.1,0.325,0.3,142,436.9230769230769,0.95,0.0,0.0,0,0.35,0.3,0.0,0,0,0
G3_R1_tb2,3,adaptive-adaptive,2,True,1.5,0.29,0.3,166,572.4137931034484,0.7,0.15,0.0,0,0.28,0.3,0.2,3,0,9
G3_R1_tb2,4,adaptive-adaptive,2,True,1.5,0.29,0.3,166,572.4137931034484,0.7,0.15,0.0,0,0.28,0.3,0.2,3,0,9
G4_R1_tb4,0,adaptive-adaptive,4,True,3.525,0.8,0.0,245,306.25,0.0,0.2,1.0,0.6,0.92,0.68,0.15,0,4,0
G4_R1_tb4,1,adaptive-adaptive,4,True,1.825,0.41,0.3,178,434.1463414634147,0.6,0.1,1.0,0.15,0.52,0.3,0.15,0,2,0
G4_R1_tb4,2,adaptive-adaptive,4,True,1.1,0.325,0.3,142,436.9230769230769,0.95,0.0,0.0,0,0.35,0.3,0.0,0,0,0
G4_R1_tb4,3,adaptive-adaptive,4,True,1.5,0.29,0.3,166,572.4137931034484,0.7,0.15,0.0,0,0.28,0.3,0.2,3,0,9
G4_R1_tb4,4,adaptive-adaptive,4,True,1.5,0.29,0.3,166,572.4137931034484,0.7,0.15,0.0,0,0.28,0.3,0.2,3,0,9
G5_R1_tb6,0,adaptive-adaptive,6,True,3.675,0.9,0.8,261,290.0,0.0,0.25,1.0,0.7,0.92,0.88,0.05,0,5,0
G5_R1_tb6,1,adaptive-adaptive,6,True,1.825,0.41,0.3,178,434.1463414634147,0.6,0.1,1.0,0.15,0.52,0.3,0.15,0,2,0
G5_R1_tb6,2,adaptive-adaptive,6,True,1.1,0.325,0.3,142,436.9230769230769,0.95,0.0,0.0,0,0.35,0.3,0.0,0,0,0
G5_R1_tb6,3,adaptive-adaptive,6,True,1.5,0.29,0.3,166,572.4137931034484,0.7,0.15,0.0,0,0.28,0.3,0.2,3,0,9
G5_R1_tb6,4,adaptive-adaptive,6,True,1.5,0.29,0.3,166,572.4137931034484,0.7,0.15,0.0,0,0.28,0.3,0.2,3,0,9
